{
    "components": [
        {
            "cachedName": "LWJGL 2",
            "cachedVersion": "2.9.4-nightly-20150209",
            "cachedVolatile": true,
            "dependencyOnly": true,
            "uid": "org.lwjgl",
            "version": "2.9.4-nightly-20150209"
        },
        {
            "cachedName": "Minecraft",
            "cachedRequires": [
                {
                    "suggests": "2.9.4-nightly-20150209",
                    "uid": "org.lwjgl"
                }
            ],
            "cachedVersion": "b1.6.6",
            "important": true,
            "uid": "net.minecraft",
            "version": "b1.6.6"
        },
        {
            "cachedName": "aether-b1.6.6 (jar mod)",
            "uid": "org.multimc.jarmod.a84e4deb-5a1c-4785-a566-4d8656b67c63"
        }
    ],
    "formatVersion": 1
}
