{
    "components": [
        {
            "cachedName": "LWJGL 2",
            "cachedVersion": "2.9.4-nightly-20150209",
            "cachedVolatile": true,
            "dependencyOnly": true,
            "uid": "org.lwjgl",
            "version": "2.9.4-nightly-20150209"
        },
        {
            "cachedName": "Minecraft",
            "cachedRequires": [
                {
                    "suggests": "2.9.4-nightly-20150209",
                    "uid": "org.lwjgl"
                }
            ],
            "cachedVersion": "b1.2_02",
            "important": true,
            "uid": "net.minecraft",
            "version": "b1.2_02"
        },
        {
            "cachedName": "mod_aether_b1.2_02 (jar mod)",
            "uid": "org.multimc.jarmod.79d5e7f3-1822-463f-9623-31f01e4477cd"
        }
    ],
    "formatVersion": 1
}
