{
  "blend": {
    "func": "add",
    "srcrgb": "srcalpha",
    "dstrgb": "1-srcalpha"
  },
  "vertex": "terrain",
  "fragment": "terrain",
  "attributes": [
    "Position",
    "UV0",
    "Color",
    "Normal"
  ],
  "samplers": [
    { "name": "Sampler0" }
  ],
  "uniforms": [
    { "name": "ModelViewMat", "type": "matrix4x4", "count": 16, "values": [ 1.0, 0.0, 0.0, 0.0, 0.0, 1.0, 0.0, 0.0, 0.0, 0.0, 1.0, 0.0, 0.0, 0.0, 0.0, 1.0 ] },
    { "name": "ProjMat", "type": "matrix4x4", "count": 16, "values": [ 1.0, 0.0, 0.0, 0.0, 0.0, 1.0, 0.0, 0.0, 0.0, 0.0, 1.0, 0.0, 0.0, 0.0, 0.0, 1.0 ] },
    { "name": "ChunkOffset", "type": "float", "count": 3, "values": [ 0.0, 0.0, 0.0 ] },
    { "name": "FogMode", "type": "int", "count": 1, "values": [ 0 ] }
  ]
}