{
	"credit": "Made with Blockbench",
	"texture_size": [256, 256],
	"textures": {
		"0": "terrain",
		"1": "-1",
		"particle": "terrain"
	},
	"elements": [
		{
			"from": [1, 0, 1],
			"to": [15, 1, 15],
			"faces": {
				"north": {"uv": [12, 9.0625, 12.875, 9.125], "texture": "#0"},
				"east": {"uv": [12.0625, 9.0625, 12.9375, 9.125], "texture": "#0"},
				"south": {"uv": [12, 9.0625, 12.875, 9.125], "texture": "#0"},
				"west": {"uv": [12, 9.0625, 12.875, 9.125], "texture": "#0"},
				"up": {"uv": [15.0625, 9.0625, 15.9375, 9.9375], "texture": "#0"},
				"down": {"uv": [15.0625, 9.0625, 15.9375, 9.9375], "texture": "#0"}
			}
		},
		{
			"from": [0, 1, 0],
			"to": [1, 16, 16],
			"faces": {
				"north": {"uv": [13.9375, 9, 14, 9.9375], "texture": "#0"},
				"east": {"uv": [12, 9, 13, 9.9375], "texture": "#0"},
				"south": {"uv": [12, 9, 12.0625, 9.9375], "texture": "#0"},
				"west": {"uv": [15, 9, 14, 9.9375], "texture": "#0"},
				"up": {"uv": [15.9375, 9, 16, 10], "texture": "#0"},
				"down": {"uv": [15.9375, 9, 16, 10], "texture": "#0"}
			}
		},
		{
			"from": [15, 1, 0],
			"to": [16, 16, 16],
			"faces": {
				"north": {"uv": [13, 9, 13.0625, 9.9375], "texture": "#0"},
				"east": {"uv": [14, 9, 15, 9.9375], "texture": "#0"},
				"south": {"uv": [12.9375, 9, 13, 9.9375], "texture": "#0"},
				"west": {"uv": [12, 9, 13, 9.9375], "texture": "#0"},
				"up": {"uv": [15.9375, 9, 16, 10], "texture": "#0"},
				"down": {"uv": [15.9375, 9, 16, 10], "texture": "#0"}
			}
		},
		{
			"from": [1, 1, 0],
			"to": [15, 16, 1],
			"faces": {
				"north": {"uv": [13.0625, 9, 13.9375, 9.9375], "texture": "#0"},
				"east": {"uv": [0, 0, 0.0625, 0.9375], "texture": "#missing"},
				"south": {"uv": [12, 9, 12.875, 9.9375], "texture": "#0"},
				"west": {"uv": [0, 0, 0.0625, 0.9375], "texture": "#missing"},
				"up": {"uv": [15, 9.9375, 15.875, 10], "texture": "#0"},
				"down": {"uv": [15.0625, 9.9375, 15.9375, 10], "texture": "#0"}
			}
		},
		{
			"from": [1, 1, 15],
			"to": [15, 16, 16],
			"faces": {
				"north": {"uv": [12.0625, 9, 12.9375, 9.9375], "texture": "#0"},
				"east": {"uv": [0, 0, 0.0625, 0.9375], "texture": "#missing"},
				"south": {"uv": [12.0625, 9, 12.9375, 9.9375], "texture": "#0"},
				"west": {"uv": [0, 0, 0.0625, 0.9375], "texture": "#missing"},
				"up": {"uv": [15.0625, 9, 15.9375, 9.0625], "texture": "#0"},
				"down": {"uv": [15.0625, 9.9375, 15.9375, 10], "texture": "#0"}
			}
		},
		{
			"from": [1, 1, 1],
			"to": [15, 13, 15],
			"faces": {
				"north": {"uv": [0, 0, 0.875, 0.75], "texture": "#missing"},
				"east": {"uv": [0, 0, 0.875, 0.75], "texture": "#missing"},
				"south": {"uv": [0, 0, 0.875, 0.75], "texture": "#missing"},
				"west": {"uv": [0, 0, 0.875, 0.75], "texture": "#missing"},
				"up": {"uv": [0.0625, 0.0625, 0.9375, 0.9375], "texture": "#1"},
				"down": {"uv": [0, 0, 0.875, 0.875], "texture": "#missing"}
			}
		}
	]
}